minute,sl,gold,sp,target,dps,kill_s,bolt_boss_dps,meter
0,1,78,8,Crawling Hand,7.0,15.7,9.1,L1:8
1,3,22,88,-,0,0,12.1,L1:88
2,3,32,112,Banshee,9.9,19.0,13.1,L1:112
3,4,46,53,-,0,0,13.1,L1:120
4,5,54,155,Ashfang Pup,18.7,8.8,14.1,L1:0 L2:2
5,5,96,167,Ashfang Pup,18.7,8.8,14.1,L1:0 L2:14
6,5,54,181,Ashfang Pup,19.0,8.7,14.4,L1:0 L2:28
7,5,96,193,Ashfang Pup,19.0,8.7,14.4,L1:0 L2:40
8,5,146,207,Ashfang Pup,19.0,8.7,14.4,L1:0 L2:54
9,5,194,221,Ashfang Pup,19.0,8.7,14.4,L1:0 L2:68
10,6,286,316,Ashfang Wolf,19.3,11.7,17.2,L1:0 L2:162
11,6,336,328,Ashfang Wolf,19.3,11.7,17.2,L1:0 L2:175
12,6,386,340,Ashfang Wolf,19.3,11.7,17.2,L1:0 L2:188
13,6,436,353,Ashfang Wolf,19.3,11.7,17.2,L1:0 L2:200
14,6,36,366,Ashfang Wolf,20.6,11.0,18.9,L1:0 L2:212
15,6,96,380,Ashfang Wolf,20.6,11.0,18.9,L1:0 L2:228
16,6,146,393,Ashfang Wolf,20.6,11.0,18.9,L1:0 L2:240
17,6,206,408,Ashfang Wolf,20.6,11.0,18.9,L1:0 L2:255
18,6,66,420,Ashfang Wolf,21.2,10.7,19.6,L1:0 L2:268
19,6,126,436,Ashfang Wolf,21.2,10.7,19.6,L1:0 L2:282
20,8,270,391,Dire Ashfang,29.7,11.9,27.2,L1:0 L2:3
21,8,270,391,Dire Ashfang,29.7,11.9,27.2,L1:0 L2:3
22,8,100,409,Dire Ashfang,35.6,10.1,27.2,L1:0 L2:21
23,8,11,427,Dire Ashfang,37.4,9.6,28.8,L1:0 L2:39
24,8,99,445,Dire Ashfang,37.4,9.6,28.8,L1:0 L2:57
25,8,22,466,Dire Ashfang,40.5,8.9,28.8,L1:0 L2:78
26,8,50,484,Dire Ashfang,41.6,8.7,29.7,L1:0 L2:96
27,8,153,505,Dire Ashfang,41.6,8.7,29.7,L1:0 L2:117
28,8,130,526,Dire Ashfang,43.5,8.4,31.3,L1:0 L2:138
29,8,98,550,Dire Ashfang,45.5,8.0,33.0,L1:0 L2:162
30,9,47,730,Ashfang Pup,46.9,4.0,34.3,L1:0 L2:342
31,9,51,760,Ashfang Pup,46.9,4.0,34.3,L1:0 L2:372
32,9,180,790,Ashfang Pup,46.9,4.0,34.3,L1:0 L2:402
33,9,175,898,Ashfang Pup,49.0,3.9,36.0,L1:0 L2:510
34,9,313,930,Ashfang Pup,49.0,3.9,36.0,L1:0 L2:542
35,9,442,960,Ashfang Pup,49.0,3.9,36.0,L1:0 L2:572
36,9,627,1070,Ashfang Pup,49.0,3.9,36.0,L1:0 L2:682
37,9,763,1100,Ashfang Pup,49.0,3.9,36.0,L1:0 L2:712
38,9,50,70,Ashfang Pup,59.6,3.3,36.0,L1:0 L2:822
39,9,213,106,Ashfang Pup,59.6,3.3,36.0,L1:0 L2:858
40,9,376,142,Ashfang Pup,59.6,3.3,36.0,L1:0 L2:894
41,10,556,482,Silkling,63.3,6.5,37.4,L1:0 L2:0 L3:4
42,10,621,492,Silkling,63.3,6.5,37.4,L1:0 L2:0 L3:14
43,10,815,524,Silkling,63.3,6.5,37.4,L1:0 L2:0 L3:46
44,10,80,555,Silkling,65.4,6.3,39.1,L1:0 L2:0 L3:77
45,10,96,590,Silkling,65.4,6.3,39.1,L1:0 L2:0 L3:112
46,10,294,622,Silkling,65.4,6.3,39.1,L1:0 L2:0 L3:144
47,10,84,656,Silkling,65.4,6.3,39.1,L1:0 L2:0 L3:178
48,11,100,188,-,0,0,43.9,L1:0 L2:0 L3:410
49,11,309,216,Webfen Widow,57.9,9.1,43.9,L1:0 L2:0 L3:438
50,11,217,244,Webfen Widow,65.4,8.1,43.9,L1:0 L2:0 L3:466
51,11,106,272,Webfen Widow,72.6,7.4,43.9,L1:0 L2:0 L3:494
52,11,345,304,Webfen Widow,72.6,7.4,43.9,L1:0 L2:0 L3:526
53,11,363,340,Webfen Widow,79.0,6.9,43.9,L1:0 L2:0 L3:562
54,11,152,376,Webfen Widow,86.2,6.4,43.9,L1:0 L2:0 L3:598
55,11,420,412,Webfen Widow,86.2,6.4,43.9,L1:0 L2:0 L3:634
56,11,48,448,Webfen Widow,95.8,5.8,43.9,L1:0 L2:0 L3:670
57,12,588,773,Brood Matron,108.3,6.3,43.9,L1:0 L2:0 L3:995
58,12,933,818,Brood Matron,108.3,6.3,43.9,L1:0 L2:0 L3:1040
59,12,1316,868,Brood Matron,108.3,6.3,43.9,L1:0 L2:0 L3:1090
60,12,1661,913,Brood Matron,108.3,6.3,43.9,L1:0 L2:0 L3:1135
61,12,2045,963,Brood Matron,108.3,6.3,43.9,L1:0 L2:0 L3:1185
62,12,340,1008,Brood Matron,110.5,6.2,45.8,L1:0 L2:0 L3:1230
63,12,723,1058,Brood Matron,110.5,6.2,45.8,L1:0 L2:0 L3:1280
64,12,120,1103,Brood Matron,110.5,6.2,45.8,L1:0 L2:0 L3:1325
65,13,739,1498,-,0,0,45.8,L1:0 L2:0 L3:1400
66,14,1562,302,Silkling,118.9,3.8,51.5,L1:0 L2:0 L3:4
67,14,1752,330,Silkling,118.9,3.8,51.5,L1:0 L2:0 L3:32
68,14,131,386,Silkling,136.6,3.4,51.5,L1:0 L2:0 L3:88
69,14,33,445,Silkling,147.8,3.2,51.5,L1:0 L2:0 L3:147
70,14,7,708,-,0,0,51.5,L1:0 L2:0 L3:410
71,14,305,778,Silkling,166.2,3.0,51.5,L1:0 L2:0 L3:480
72,14,586,852,Silkling,170.6,2.9,51.5,L1:0 L2:0 L3:554
73,14,707,1118,-,0,0,58.3,L1:0 L2:0 L3:820
74,14,570,1195,Silkling,179.7,2.8,58.9,L1:0 L2:0 L3:897
75,14,404,1272,Silkling,191.0,2.7,58.9,L1:0 L2:0 L3:974
76,14,1101,1542,Silkling,191.0,2.7,58.9,L1:0 L2:0 L3:1244
77,14,388,1626,Silkling,214.8,2.5,58.9,L1:0 L2:0 L3:1328
78,14,1025,1710,Silkling,214.8,2.5,58.9,L1:0 L2:0 L3:1412
79,14,1775,1987,Silkling,214.8,2.5,58.9,L1:0 L2:0 L3:1689
80,14,2439,2074,Silkling,214.8,2.5,58.9,L1:0 L2:0 L3:1776
81,14,3198,2352,Silkling,214.8,2.5,58.9,L1:0 L2:0 L3:2054
82,14,3865,2436,Silkling,214.8,2.5,58.9,L1:0 L2:0 L3:2138
83,14,4560,2523,Silkling,214.8,2.5,58.9,L1:0 L2:0 L3:2225
84,15,1740,3262,Silkling,218.4,2.4,61.8,L1:0 L2:0 L3:4
85,15,1768,3266,Silkling,218.4,2.4,61.8,L1:0 L2:0 L3:8
86,15,364,3371,Silkling,218.4,2.4,61.8,L1:0 L2:0 L3:113
87,15,1057,3472,Silkling,218.4,2.4,61.8,L1:0 L2:0 L3:214
88,15,1901,3809,Silkling,218.4,2.4,61.8,L1:0 L2:0 L3:551
89,15,2623,3914,Silkling,218.4,2.4,61.8,L1:0 L2:0 L3:656
90,15,3494,4250,Silkling,218.4,2.4,61.8,L1:0 L2:0 L3:992
91,15,4218,4351,Silkling,218.4,2.4,61.8,L1:0 L2:0 L3:1093
92,15,523,4688,Silkling,218.4,2.4,61.8,L1:0 L2:0 L3:1430
93,15,1314,4793,Silkling,218.4,2.4,61.8,L1:0 L2:0 L3:1535
94,15,567,5129,Silkling,241.4,2.3,64.1,L1:0 L2:0 L3:1871
95,15,151,4843,Silkling,260.8,2.2,64.1,L1:0 L2:0 L3:1985
96,15,165,5192,-,0,0,66.5,L1:0 L2:0 L3:2334
97,15,712,5310,Silkling,281.7,2.1,70.8,L1:0 L2:0 L3:2452
98,15,628,5667,Silkling,297.4,2.0,70.8,L1:0 L2:0 L3:2809
99,15,377,5793,Silkling,313.7,1.9,73.7,L1:0 L2:0 L3:2935
100,15,1608,6155,Silkling,313.7,1.9,73.7,L1:0 L2:0 L3:3297
101,15,1092,6285,Silkling,314.6,1.9,74.4,L1:0 L2:0 L3:3427
102,15,851,6647,Silkling,332.2,1.9,74.4,L1:0 L2:0 L3:3789
103,15,766,6781,Silkling,351.7,1.8,74.4,L1:0 L2:0 L3:3923
104,15,1671,7152,Silkling,351.7,1.8,74.4,L1:0 L2:0 L3:4294
105,15,1039,7526,-,0,0,74.4,L1:0 L2:0 L3:4668
106,15,2284,7670,Brood Matron,374.9,2.4,74.4,L1:0 L2:0 L3:4812
107,15,931,7826,Brood Matron,406.5,2.3,74.4,L1:0 L2:0 L3:4968
108,15,1140,8395,Silkling,424.5,1.6,86.2,L1:0 L2:0 L3:5000
109,15,469,8550,Silkling,441.9,1.6,99.0,L1:0 L2:0 L3:5000
110,15,1497,8937,Silkling,446.6,1.6,102.8,L1:0 L2:0 L3:5000
111,15,273,9324,Silkling,466.0,1.6,117.2,L1:0 L2:0 L3:5000
112,15,891,9484,Silkling,471.4,1.6,121.6,L1:0 L2:0 L3:5000
113,15,55,13,Silkling,33.3,11.6,25.0,L1:0 L2:0 L3:5000
114,15,42,124,Silkling,42.7,9.2,27.9,L1:0 L2:0 L3:5000
115,15,182,149,Silkling,42.7,9.2,27.9,L1:0 L2:0 L3:5000
116,15,45,178,Silkling,50.4,7.9,37.4,L1:0 L2:0 L3:5000
117,15,52,212,Silkling,51.0,7.9,38.1,L1:0 L2:0 L3:5000
118,15,219,241,Silkling,51.0,7.9,38.1,L1:0 L2:0 L3:5000
119,15,411,275,Silkling,51.0,7.9,38.1,L1:0 L2:0 L3:5000
120,15,152,308,Silkling,54.7,7.4,42.2,L1:0 L2:0 L3:5000
121,15,286,258,Silkling,61.3,6.7,49.5,L1:0 L2:0 L3:5000
122,15,14,296,Silkling,65.9,6.3,54.6,L1:0 L2:0 L3:5000
123,15,13,338,Silkling,69.3,6.0,58.4,L1:0 L2:0 L3:5000
124,15,136,380,Silkling,72.2,5.8,61.7,L1:0 L2:0 L3:5000
125,15,409,426,Silkling,72.2,5.8,61.7,L1:0 L2:0 L3:5000
126,15,658,468,Silkling,72.2,5.8,61.7,L1:0 L2:0 L3:5000
127,15,131,50,Silkling,81.9,5.2,72.5,L1:0 L2:0 L3:5000
128,15,82,100,Silkling,85.0,5.0,75.9,L1:0 L2:0 L3:5000
129,15,211,151,Silkling,88.1,4.9,79.3,L1:0 L2:0 L3:5000
130,15,184,201,Silkling,88.8,4.9,80.1,L1:0 L2:0 L3:5000
131,15,45,91,Silkling,102.7,4.3,92.0,L1:0 L2:0 L3:5000
132,15,174,150,Silkling,106.2,4.2,95.8,L1:0 L2:0 L3:5000
133,15,278,209,Silkling,109.6,4.1,99.6,L1:0 L2:0 L3:5000
134,15,357,272,Silkling,112.7,4.0,103.7,L1:0 L2:0 L3:5000
135,15,878,571,Silkling,112.7,4.0,103.7,L1:0 L2:0 L3:5000
136,15,1271,634,Silkling,112.7,4.0,103.7,L1:0 L2:0 L3:5000
137,15,1664,697,Silkling,112.7,4.0,103.7,L1:0 L2:0 L3:5000
138,15,2084,24,Silkling,116.1,3.9,103.7,L1:0 L2:0 L3:5000
139,15,137,323,Silkling,120.0,3.8,108.1,L1:0 L2:0 L3:5000
140,15,574,390,Silkling,120.0,3.8,108.1,L1:0 L2:0 L3:5000
141,15,64,457,Silkling,120.0,3.8,108.1,L1:0 L2:0 L3:5000
142,15,644,756,Silkling,120.0,3.8,108.1,L1:0 L2:0 L3:5000
143,15,1103,823,Silkling,120.0,3.8,108.1,L1:0 L2:0 L3:5000
144,15,1562,890,Silkling,120.0,3.8,108.1,L1:0 L2:0 L3:5000
145,15,2021,958,Silkling,120.0,3.8,108.1,L1:0 L2:0 L3:5000
146,15,563,1261,Silkling,120.0,3.8,108.1,L1:0 L2:0 L3:5000
147,15,309,1324,Silkling,120.9,3.8,109.2,L1:0 L2:0 L3:5000
148,15,807,1391,Silkling,120.9,3.8,109.2,L1:0 L2:0 L3:5000
149,15,341,198,Silkling,145.7,3.3,136.9,L1:0 L2:0 L3:5000
150,15,901,274,Silkling,145.7,3.3,136.9,L1:0 L2:0 L3:5000
151,15,42,353,Silkling,190.1,2.7,148.4,L1:0 L2:0 L3:5000
152,16,741,1252,Silkling,253.1,2.2,148.4,L1:0 L2:0 L3:4
153,16,741,1252,Silkling,253.1,2.2,148.4,L1:0 L2:0 L3:4
154,16,1502,1336,Silkling,253.1,2.2,148.4,L1:0 L2:0 L3:88
155,16,2530,1450,Silkling,253.1,2.2,148.4,L1:0 L2:0 L3:202
156,16,3752,1795,Silkling,253.1,2.2,148.4,L1:0 L2:0 L3:547
157,16,615,1908,Silkling,262.6,2.2,148.4,L1:0 L2:0 L3:660
158,16,183,2261,Silkling,308.7,2.0,148.4,L1:0 L2:0 L3:1013
159,16,617,2392,Silkling,320.4,1.9,148.4,L1:0 L2:0 L3:1144
160,16,2089,2753,Silkling,320.4,1.9,148.4,L1:0 L2:0 L3:1505
161,16,3561,3115,-,0,0,148.4,L1:0 L2:0 L3:1867
162,16,4855,3245,Silkling,320.4,1.9,148.4,L1:0 L2:0 L3:1997
163,16,1869,3611,Silkling,330.2,1.9,155.6,L1:0 L2:0 L3:2363
164,16,3205,3746,Silkling,330.2,1.9,155.6,L1:0 L2:0 L3:2498
165,16,4677,4108,Silkling,330.2,1.9,155.6,L1:0 L2:0 L3:2860
166,16,765,4246,Silkling,345.3,1.8,155.6,L1:0 L2:0 L3:2998
167,16,1042,4616,Silkling,370.5,1.8,155.6,L1:0 L2:0 L3:3368
168,16,314,4994,Brood Matron,413.1,2.3,155.6,L1:0 L2:0 L3:3746
169,16,1111,5150,Brood Matron,413.1,2.3,155.6,L1:0 L2:0 L3:3902
170,16,911,5312,Brood Matron,414.9,2.2,157.2,L1:0 L2:0 L3:4064
171,16,640,5482,Brood Matron,445.3,2.1,157.2,L1:0 L2:0 L3:4634
172,16,1165,5650,Brood Matron,460.1,2.1,157.2,L1:0 L2:0 L3:4802
173,16,1243,5824,Brood Matron,481.7,2.0,157.2,L1:0 L2:0 L3:4976
174,16,737,6418,Brood Matron,518.8,2.0,168.7,L1:0 L2:0 L3:5570
175,16,770,6598,Brood Matron,538.5,1.9,168.7,L1:0 L2:0 L3:5750
176,16,2756,7198,Brood Matron,538.5,1.9,168.7,L1:0 L2:0 L3:6350
177,16,4443,7384,Brood Matron,538.5,1.9,168.7,L1:0 L2:0 L3:6536
178,16,6500,7990,-,0,0,168.7,L1:0 L2:0 L3:7142
179,16,8211,8170,Brood Matron,538.5,1.9,168.7,L1:0 L2:0 L3:7322
180,16,9979,8356,Brood Matron,538.5,1.9,168.7,L1:0 L2:0 L3:7508
181,16,1979,8950,Brood Matron,538.5,1.9,168.7,L1:0 L2:0 L3:8102
182,16,380,9142,Brood Matron,542.3,1.9,171.9,L1:0 L2:0 L3:8294
183,16,2488,9736,Brood Matron,542.3,1.9,171.9,L1:0 L2:0 L3:8888
184,16,4329,9922,Brood Matron,542.3,1.9,171.9,L1:0 L2:0 L3:9000
185,16,6230,10114,Brood Matron,542.3,1.9,171.9,L1:0 L2:0 L3:9000
186,16,773,10693,Silkling,551.0,1.5,175.0,L1:0 L2:0 L3:9000
187,16,1388,11097,Silkling,569.1,1.4,188.5,L1:0 L2:0 L3:9000
188,16,2039,11505,Silkling,586.0,1.4,201.6,L1:0 L2:0 L3:9000
189,16,337,11686,Silkling,621.8,1.4,228.2,L1:0 L2:0 L3:9000
190,16,1401,12094,Silkling,631.6,1.4,236.2,L1:0 L2:0 L3:9000
191,16,1315,12506,Silkling,652.7,1.4,251.9,L1:0 L2:0 L3:9000
192,16,2177,12922,Silkling,663.1,1.3,260.4,L1:0 L2:0 L3:9000
193,16,49,13347,-,0,0,285.0,L1:0 L2:0 L3:9000
194,17,2260,10653,Brood Matron,742.2,1.6,319.9,L1:0 L2:0 L3:6
195,17,3057,10725,Brood Matron,742.2,1.6,319.9,L1:0 L2:0 L3:78
196,17,5582,10953,Brood Matron,742.2,1.6,319.9,L1:0 L2:0 L3:306
197,17,8339,11583,Brood Matron,742.2,1.6,319.9,L1:0 L2:0 L3:936
198,17,897,11805,Brood Matron,769.0,1.6,339.8,L1:0 L2:0 L3:1158
199,17,1420,12441,Brood Matron,799.6,1.6,339.8,L1:0 L2:0 L3:1794
200,17,1751,12675,Brood Matron,831.0,1.5,339.8,L1:0 L2:0 L3:2028
201,17,2794,13317,Brood Matron,854.4,1.5,339.8,L1:0 L2:0 L3:2670
202,17,1737,13563,Brood Matron,903.2,1.5,339.8,L1:0 L2:0 L3:2916
203,17,831,14211,Brood Matron,951.1,1.4,339.8,L1:0 L2:0 L3:3564
204,17,1744,14463,Brood Matron,958.4,1.4,339.8,L1:0 L2:0 L3:3816
205,17,1468,15123,Brood Matron,997.8,1.4,339.8,L1:0 L2:0 L3:4476
206,17,1001,15783,Brood Matron,1033.8,1.4,348.1,L1:0 L2:0 L3:5136
207,17,1327,16047,Brood Matron,1064.1,1.4,348.1,L1:0 L2:0 L3:5400
208,17,2667,16713,Brood Matron,1085.4,1.4,348.1,L1:0 L2:0 L3:6066
209,17,3433,16977,Brood Matron,1109.5,1.3,348.1,L1:0 L2:0 L3:6330
210,17,1234,17655,Brood Matron,1161.6,1.3,368.5,L1:0 L2:0 L3:7008
211,17,4031,18327,Brood Matron,1169.2,1.3,368.5,L1:0 L2:0 L3:7680
212,17,880,18603,Brood Matron,1226.6,1.3,412.2,L1:0 L2:0 L3:7956
213,17,2651,19287,Brood Matron,1226.6,1.3,412.2,L1:0 L2:0 L3:8640
214,17,1594,19569,Brood Matron,1265.8,1.3,433.4,L1:0 L2:0 L3:8922
215,17,1976,20253,Brood Matron,1296.7,1.3,457.6,L1:0 L2:0 L3:9606
216,17,2763,20937,Brood Matron,1325.2,1.3,469.6,L1:0 L2:0 L3:10290
217,17,6892,21225,Brood Matron,1325.2,1.3,469.6,L1:0 L2:0 L3:10578
218,17,11321,21915,Brood Matron,1325.2,1.3,469.6,L1:0 L2:0 L3:11268
219,17,15749,22605,Brood Matron,1325.2,1.3,469.6,L1:0 L2:0 L3:11958
220,17,19792,22887,Brood Matron,1325.2,1.3,469.6,L1:0 L2:0 L3:12240
221,17,2126,23577,Brood Matron,1325.2,1.3,469.6,L1:0 L2:0 L3:12930
222,17,7139,24279,-,0,0,469.6,L1:0 L2:0 L3:13632
223,17,11451,24555,Brood Matron,1325.2,1.3,469.6,L1:0 L2:0 L3:13908
224,18,2190,26137,Brood Matron,1334.0,1.2,476.7,L1:0 L2:0 L3:6
225,18,2190,26137,Brood Matron,1334.0,1.2,476.7,L1:0 L2:0 L3:6
226,18,2315,26401,Brood Matron,1365.7,1.2,500.0,L1:0 L2:0 L3:270
227,18,2573,27091,Brood Matron,1401.3,1.2,515.0,L1:0 L2:0 L3:960
228,18,1964,27385,Brood Matron,1438.1,1.2,543.6,L1:0 L2:0 L3:1254
229,18,4595,28081,Brood Matron,1455.1,1.2,556.1,L1:0 L2:0 L3:1950
230,18,1922,28783,Brood Matron,1508.9,1.2,556.1,L1:0 L2:0 L3:2652
231,18,5577,29083,Brood Matron,1516.5,1.2,556.1,L1:0 L2:0 L3:2952
232,18,5286,29785,Brood Matron,1551.6,1.2,582.0,L1:0 L2:0 L3:3654
233,18,4571,30487,Brood Matron,1565.9,1.2,593.7,L1:0 L2:0 L3:4356
234,18,6313,30793,Brood Matron,1585.9,1.2,608.4,L1:0 L2:0 L3:4662
235,18,2094,31501,Brood Matron,1640.9,1.2,649.0,L1:0 L2:0 L3:5370
236,18,2701,32209,Brood Matron,1669.8,1.2,663.6,L1:0 L2:0 L3:6078
237,18,6718,32521,Brood Matron,1677.4,1.2,663.6,L1:0 L2:0 L3:6390
238,18,4387,33229,Brood Matron,1715.3,1.1,691.2,L1:0 L2:0 L3:7098
239,18,5237,33943,Brood Matron,1738.2,1.1,708.0,L1:0 L2:0 L3:7812
240,18,3241,34657,Brood Matron,1775.1,1.1,708.0,L1:0 L2:0 L3:8526
241,18,1544,34975,Brood Matron,1808.1,1.1,708.0,L1:0 L2:0 L3:8844
242,18,2356,35695,Brood Matron,1829.5,1.1,723.6,L1:0 L2:0 L3:9564
243,18,5843,36409,Brood Matron,1839.4,1.1,723.6,L1:0 L2:0 L3:10278
244,18,11573,36733,Brood Matron,1839.4,1.1,723.6,L1:0 L2:0 L3:10602
245,18,17460,37447,Brood Matron,1839.4,1.1,723.6,L1:0 L2:0 L3:11316
246,18,23453,38167,Brood Matron,1839.4,1.1,723.6,L1:0 L2:0 L3:12036
247,18,29077,38485,Brood Matron,1839.4,1.1,723.6,L1:0 L2:0 L3:12354
248,18,35070,39205,Brood Matron,1839.4,1.1,723.6,L1:0 L2:0 L3:13074
249,18,3964,39925,Brood Matron,1845.7,1.1,728.8,L1:0 L2:0 L3:13794
250,18,9851,40639,Brood Matron,1845.7,1.1,728.8,L1:0 L2:0 L3:14508
251,18,581,40963,Brood Matron,1906.1,1.1,772.5,L1:0 L2:0 L3:14832
252,18,6574,41683,Brood Matron,1906.1,1.1,772.5,L1:0 L2:0 L3:15552
253,18,3498,42403,Brood Matron,1917.1,1.1,772.5,L1:0 L2:0 L3:16272
254,18,4447,42727,Brood Matron,1935.7,1.1,787.6,L1:0 L2:0 L3:16596
255,18,3887,43453,Brood Matron,1961.4,1.1,806.3,L1:0 L2:0 L3:17322
256,18,10109,44173,Brood Matron,1961.4,1.1,806.3,L1:0 L2:0 L3:18042
257,18,1817,44899,Brood Matron,2014.5,1.1,836.7,L1:0 L2:0 L3:18768
258,18,361,45229,Brood Matron,2039.7,1.1,854.8,L1:0 L2:0 L3:19098
259,18,6693,45955,Brood Matron,2039.7,1.1,854.8,L1:0 L2:0 L3:19824
260,19,17262,47785,Brood Matron,2039.7,1.1,854.8,L1:0 L2:0 L3:0
261,19,17262,47785,Brood Matron,2039.7,1.1,854.8,L1:0 L2:0 L3:0
262,19,3211,48109,Brood Matron,2104.6,1.1,901.4,L1:0 L2:0 L3:0
263,19,2403,48835,Brood Matron,2127.3,1.1,901.4,L1:0 L2:0 L3:0
264,19,8846,49567,Brood Matron,2127.3,1.1,901.4,L1:0 L2:0 L3:0
265,19,3747,49903,Brood Matron,2164.6,1.1,901.4,L1:0 L2:0 L3:0
